{
	"info": {
		"_postman_id": "4d2e9fe8-6667-4ee9-8a07-10ae323950f8",
		"name": "Authentication",
		"schema": "https://schema.getpostman.com/json/collection/v2.1.0/collection.json",
		"_exporter_id": "27707983"
	},
	"item": [
		{
			"name": "Register",
			"request": {
				"method": "POST",
				"header": [],
				"body": {
					"mode": "formdata",
					"formdata": [
						{
							"key": "name",
							"value": "mosab",
							"type": "text"
						},
						{
							"key": "email",
							"value": "muss3ab.1994@gmail.com",
							"type": "text"
						},
						{
							"key": "password",
							"value": "muss3ab.1994@gmail.com",
							"type": "text"
						}
					]
				},
				"url": {
					"raw": "{{base_url}}/register",
					"host": [
						"{{base_url}}"
					],
					"path": [
						"register"
					]
				}
			},
			"response": []
		},
		{
			"name": "Login",
			"request": {
				"method": "POST",
				"header": [],
				"body": {
					"mode": "formdata",
					"formdata": [
						{
							"key": "email",
							"value": "FZAZw5y39P@gmail.com",
							"type": "text"
						},
						{
							"key": "password",
							"value": "password",
							"type": "text"
						}
					]
				},
				"url": {
					"raw": "{{base_url}}/login",
					"host": [
						"{{base_url}}"
					],
					"path": [
						"login"
					]
				}
			},
			"response": []
		},
		{
			"name": "User",
			"request": {
				"auth": {
					"type": "bearer",
					"bearer": [
						{
							"key": "token",
							"value": "1|fl8thq2LeYH9JwWRGV0KFbC9yKZ2p8vTHreaJEht9daa8102",
							"type": "string"
						}
					]
				},
				"method": "GET",
				"header": [],
				"url": {
					"raw": "{{base_url}}/user",
					"host": [
						"{{base_url}}"
					],
					"path": [
						"user"
					]
				}
			},
			"response": []
		},
		{
			"name": "Logout",
			"request": {
				"auth": {
					"type": "bearer",
					"bearer": [
						{
							"key": "token",
							"value": "2|ijp6vx2OVWZPELBh7MXUTSBsdMiTXx33VfcEbsUKd79eaf6c",
							"type": "string"
						}
					]
				},
				"method": "GET",
				"header": [],
				"url": {
					"raw": "{{base_url}}/logout",
					"host": [
						"{{base_url}}"
					],
					"path": [
						"logout"
					]
				}
			},
			"response": []
		}
	]
}