{
	"info": {
		"_postman_id": "0f53e59b-004a-4b9b-a90f-078921a387df",
		"name": "FriendShip",
		"schema": "https://schema.getpostman.com/json/collection/v2.1.0/collection.json",
		"_exporter_id": "27707983"
	},
	"item": [
		{
			"name": "Friendship operations",
			"item": [
				{
					"name": "Accept",
					"request": {
						"method": "POST",
						"header": [],
						"url": {
							"raw": "{{base_url}}/friend/28/accept",
							"host": [
								"{{base_url}}"
							],
							"path": [
								"friend",
								"28",
								"accept"
							]
						}
					},
					"response": []
				},
				{
					"name": "Decline",
					"request": {
						"method": "POST",
						"header": [],
						"url": {
							"raw": "{{base_url}}/friend/28/decline",
							"host": [
								"{{base_url}}"
							],
							"path": [
								"friend",
								"28",
								"decline"
							]
						}
					},
					"response": []
				}
			]
		},
		{
			"name": "Friends",
			"request": {
				"method": "GET",
				"header": [],
				"url": {
					"raw": "{{base_url}}/friends",
					"host": [
						"{{base_url}}"
					],
					"path": [
						"friends"
					]
				}
			},
			"response": []
		},
		{
			"name": "Friendship requests",
			"request": {
				"method": "GET",
				"header": [],
				"url": {
					"raw": "{{base_url}}/requests",
					"host": [
						"{{base_url}}"
					],
					"path": [
						"requests"
					]
				}
			},
			"response": []
		},
		{
			"name": "My requests",
			"request": {
				"method": "GET",
				"header": [],
				"url": {
					"raw": "{{base_url}}/my-requests",
					"host": [
						"{{base_url}}"
					],
					"path": [
						"my-requests"
					]
				}
			},
			"response": []
		},
		{
			"name": "send request",
			"request": {
				"method": "POST",
				"header": [],
				"url": {
					"raw": "{{base_url}}/friend/10",
					"host": [
						"{{base_url}}"
					],
					"path": [
						"friend",
						"10"
					]
				}
			},
			"response": []
		}
	],
	"auth": {
		"type": "bearer",
		"bearer": [
			{
				"key": "token",
				"value": "1|fl8thq2LeYH9JwWRGV0KFbC9yKZ2p8vTHreaJEht9daa8102",
				"type": "string"
			}
		]
	},
	"event": [
		{
			"listen": "prerequest",
			"script": {
				"type": "text/javascript",
				"exec": [
					""
				]
			}
		},
		{
			"listen": "test",
			"script": {
				"type": "text/javascript",
				"exec": [
					""
				]
			}
		}
	]
}