{
	"info": {
		"_postman_id": "f1a661aa-1011-4fd1-902d-f07bbe1c8b1c",
		"name": "Post Interactions",
		"schema": "https://schema.getpostman.com/json/collection/v2.1.0/collection.json",
		"_exporter_id": "27707983"
	},
	"item": [
		{
			"name": "like",
			"request": {
				"method": "POST",
				"header": [],
				"url": {
					"raw": "{{base_url}}/posts/like/25",
					"host": [
						"{{base_url}}"
					],
					"path": [
						"posts",
						"like",
						"25"
					]
				}
			},
			"response": []
		},
		{
			"name": "unlike",
			"request": {
				"method": "POST",
				"header": [],
				"url": {
					"raw": "{{base_url}}/posts/unlike/25",
					"host": [
						"{{base_url}}"
					],
					"path": [
						"posts",
						"unlike",
						"25"
					]
				}
			},
			"response": []
		},
		{
			"name": "comment",
			"request": {
				"method": "POST",
				"header": [],
				"body": {
					"mode": "formdata",
					"formdata": [
						{
							"key": "content",
							"value": "hamada",
							"type": "text"
						}
					]
				},
				"url": {
					"raw": "{{base_url}}/posts/comment/25",
					"host": [
						"{{base_url}}"
					],
					"path": [
						"posts",
						"comment",
						"25"
					]
				}
			},
			"response": []
		},
		{
			"name": "delete comment",
			"request": {
				"method": "POST",
				"header": [],
				"url": {
					"raw": "{{base_url}}/posts/uncomment/2",
					"host": [
						"{{base_url}}"
					],
					"path": [
						"posts",
						"uncomment",
						"2"
					]
				}
			},
			"response": []
		},
		{
			"name": "share",
			"request": {
				"method": "POST",
				"header": [],
				"url": {
					"raw": "{{base_url}}/posts/share/25",
					"host": [
						"{{base_url}}"
					],
					"path": [
						"posts",
						"share",
						"25"
					]
				}
			},
			"response": []
		}
	],
	"auth": {
		"type": "bearer",
		"bearer": [
			{
				"key": "token",
				"value": "1|fl8thq2LeYH9JwWRGV0KFbC9yKZ2p8vTHreaJEht9daa8102",
				"type": "string"
			}
		]
	},
	"event": [
		{
			"listen": "prerequest",
			"script": {
				"type": "text/javascript",
				"exec": [
					""
				]
			}
		},
		{
			"listen": "test",
			"script": {
				"type": "text/javascript",
				"exec": [
					""
				]
			}
		}
	]
}