{
	"info": {
		"_postman_id": "74b53ce0-cf6a-4571-80f2-ed6a7651ae5d",
		"name": "Posts",
		"schema": "https://schema.getpostman.com/json/collection/v2.1.0/collection.json",
		"_exporter_id": "27707983"
	},
	"item": [
		{
			"name": "Feeds",
			"request": {
				"method": "GET",
				"header": [],
				"url": {
					"raw": "{{base_url}}/feeds",
					"host": [
						"{{base_url}}"
					],
					"path": [
						"feeds"
					]
				}
			},
			"response": []
		},
		{
			"name": "show post",
			"request": {
				"method": "GET",
				"header": [],
				"url": {
					"raw": "{{base_url}}/show-post/25",
					"host": [
						"{{base_url}}"
					],
					"path": [
						"show-post",
						"25"
					]
				}
			},
			"response": []
		},
		{
			"name": "myposts",
			"request": {
				"method": "GET",
				"header": [],
				"url": {
					"raw": "{{base_url}}/myposts",
					"host": [
						"{{base_url}}"
					],
					"path": [
						"myposts"
					]
				}
			},
			"response": []
		},
		{
			"name": "user posts",
			"request": {
				"method": "GET",
				"header": [],
				"url": {
					"raw": "{{base_url}}/posts/1",
					"host": [
						"{{base_url}}"
					],
					"path": [
						"posts",
						"1"
					]
				}
			},
			"response": []
		},
		{
			"name": "create post",
			"request": {
				"method": "POST",
				"header": [],
				"body": {
					"mode": "formdata",
					"formdata": [
						{
							"key": "content",
							"value": " this my post trial",
							"type": "text"
						},
						{
							"key": "image",
							"type": "file",
							"src": "/home/mosab/Documents/logo.png"
						},
						{
							"key": "video",
							"type": "file",
							"src": "/home/mosab/Videos/simplescreenrecorder-٢٠٢٣-١٠-٢٢_٠٠.٤٨.٠٦.mp4"
						}
					]
				},
				"url": {
					"raw": "{{base_url}}/posts/store",
					"host": [
						"{{base_url}}"
					],
					"path": [
						"posts",
						"store"
					]
				}
			},
			"response": []
		},
		{
			"name": "update Post",
			"request": {
				"method": "POST",
				"header": [],
				"body": {
					"mode": "formdata",
					"formdata": [
						{
							"key": "content",
							"value": "updated content ",
							"type": "text"
						},
						{
							"key": "image",
							"type": "file",
							"src": "/home/mosab/Videos/صابون الاخضر (1).jpg"
						},
						{
							"key": "video",
							"type": "file",
							"src": "/home/mosab/Videos/simplescreenrecorder-٢٠٢٣-١٠-٠٤_١٧.٢٩.٥١.mp4"
						}
					]
				},
				"url": {
					"raw": "{{base_url}}/posts/update/25",
					"host": [
						"{{base_url}}"
					],
					"path": [
						"posts",
						"update",
						"25"
					]
				}
			},
			"response": []
		},
		{
			"name": "Delete Post",
			"request": {
				"method": "POST",
				"header": [],
				"body": {
					"mode": "formdata",
					"formdata": [
						{
							"key": "content",
							"value": "updated content ",
							"type": "text"
						},
						{
							"key": "image",
							"type": "file",
							"src": "/home/mosab/Videos/صابون الاخضر (1).jpg"
						},
						{
							"key": "video",
							"type": "file",
							"src": "/home/mosab/Videos/simplescreenrecorder-٢٠٢٣-١٠-٠٤_١٧.٢٩.٥١.mp4"
						}
					]
				},
				"url": {
					"raw": "{{base_url}}/posts/delete/25",
					"host": [
						"{{base_url}}"
					],
					"path": [
						"posts",
						"delete",
						"25"
					]
				}
			},
			"response": []
		}
	],
	"auth": {
		"type": "bearer",
		"bearer": [
			{
				"key": "token",
				"value": "1|fl8thq2LeYH9JwWRGV0KFbC9yKZ2p8vTHreaJEht9daa8102",
				"type": "string"
			}
		]
	},
	"event": [
		{
			"listen": "prerequest",
			"script": {
				"type": "text/javascript",
				"exec": [
					""
				]
			}
		},
		{
			"listen": "test",
			"script": {
				"type": "text/javascript",
				"exec": [
					""
				]
			}
		}
	]
}