{
	"info": {
		"_postman_id": "bf391508-ab8f-4013-8ab0-1d00cbce8383",
		"name": "Profile",
		"schema": "https://schema.getpostman.com/json/collection/v2.1.0/collection.json",
		"_exporter_id": "27707983"
	},
	"item": [
		{
			"name": "show profile",
			"request": {
				"method": "GET",
				"header": [],
				"url": {
					"raw": "{{base_url}}/profile/1",
					"host": [
						"{{base_url}}"
					],
					"path": [
						"profile",
						"1"
					]
				}
			},
			"response": []
		},
		{
			"name": "update profile",
			"request": {
				"method": "POST",
				"header": [],
				"body": {
					"mode": "formdata",
					"formdata": [
						{
							"key": "profile_picture",
							"contentType": "j",
							"type": "file",
							"src": "/home/mosab/Documents/download.jpeg"
						},
						{
							"key": "bio",
							"value": "bio text ",
							"type": "text"
						},
						{
							"key": "phone",
							"value": "01025125897",
							"type": "text"
						},
						{
							"key": "address",
							"value": "aswan",
							"type": "text"
						},
						{
							"key": "country",
							"value": "egypt",
							"type": "text"
						},
						{
							"key": "city",
							"value": "aswan",
							"type": "text"
						}
					]
				},
				"url": {
					"raw": "{{base_url}}/profile/update/1",
					"host": [
						"{{base_url}}"
					],
					"path": [
						"profile",
						"update",
						"1"
					]
				}
			},
			"response": []
		}
	],
	"auth": {
		"type": "bearer",
		"bearer": [
			{
				"key": "token",
				"value": "1|fl8thq2LeYH9JwWRGV0KFbC9yKZ2p8vTHreaJEht9daa8102",
				"type": "string"
			}
		]
	},
	"event": [
		{
			"listen": "prerequest",
			"script": {
				"type": "text/javascript",
				"exec": [
					""
				]
			}
		},
		{
			"listen": "test",
			"script": {
				"type": "text/javascript",
				"exec": [
					""
				]
			}
		}
	]
}